chr2	223807380	C	A	YES	RNA_ARTEFACT
chr2	215645464	C	G	YES	RNA_ARTEFACT
chr2	215632256	A	G	YES	RNA_ARTEFACT
chr2	215592290	C	G	YES	RNA_ARTEFACT
chr2	215590582	C	T	YES	RNA_ARTEFACT
chr2	209101311	C	A	YES	RNA_ARTEFACT
chr2	208469585	T	C	YES	RNA_ARTEFACT
chr2	208467997	A	G	YES	RNA_ARTEFACT
chr2	208467150	A	G	YES	RNA_ARTEFACT
chr2	208463575	A	-	YES	RNA_ARTEFACT
chr1	204527060	C	T	YES	RNA_ARTEFACT
chr1	204526795	A	G	YES	RNA_ARTEFACT
chr1	204526727	A	G	YES	RNA_ARTEFACT
chr1	204526721	G	A	YES	RNA_ARTEFACT
chr1	204526710	A	G	YES	RNA_ARTEFACT
chr1	204526660	A	G	YES	RNA_ARTEFACT
chr1	204526631	A	G	YES	RNA_ARTEFACT
chr1	204526595	A	G	YES	RNA_ARTEFACT
chr1	204525744	A	G	YES	RNA_ARTEFACT
chr1	204525649	A	G	YES	RNA_ARTEFACT
chr1	204525593	A	G	YES	RNA_ARTEFACT
chr1	204525568	G	T	YES	RNA_ARTEFACT
chr1	204525548	A	G	YES	RNA_ARTEFACT
chr1	204524950	A	G	YES	RNA_ARTEFACT
chr1	204524846	A	G	YES	RNA_ARTEFACT
chr1	204524746	A	G	YES	RNA_ARTEFACT
chr1	204522489	C	T	YES	RNA_ARTEFACT
chr1	204522457	T	C	YES	RNA_ARTEFACT
chr1	204522018	C	T	YES	RNA_ARTEFACT
chr1	204520209	C	T	YES	RNA_ARTEFACT
chr1	204519187	C	G	YES	RNA_ARTEFACT
chr1	204518842	C	A	YES	RNA_ARTEFACT
chr2	202152162	T	A	YES	RNA_ARTEFACT
chr2	202151439	G	C	YES	RNA_ARTEFACT
chr2	198283305	T	C	YES	RNA_ARTEFACT
chr2	198265526	A	G	YES	RNA_ARTEFACT
chr2	198257795	T	C	YES	RNA_ARTEFACT
chr3	195800811	C	T	YES	RNA_ARTEFACT
chr3	192515557	G	A	YES	RNA_ARTEFACT
chr3	192515050	A	G	YES	RNA_ARTEFACT
chr3	192514893	G	A	YES	RNA_ARTEFACT
chr2	189875421	T	G	YES	RNA_ARTEFACT
chr2	189864582	T	C	YES	RNA_ARTEFACT
chr3	188606740	G	A	YES	RNA_ARTEFACT
chr3	188605426	A	G	YES	RNA_ARTEFACT
chr3	188604526	T	C	YES	RNA_ARTEFACT
chr3	188604445	G	T	YES	RNA_ARTEFACT
chr3	188603646	A	T	YES	RNA_ARTEFACT
chr3	188603613	T	C	YES	RNA_ARTEFACT
chr3	188603389	A	T	YES	RNA_ARTEFACT
chr3	188602952	A	G	YES	RNA_ARTEFACT
chr3	188602844	G	A	YES	RNA_ARTEFACT
chr3	188602081	A	-	YES	RNA_ARTEFACT
chr3	188600877	-	AT	YES	RNA_ARTEFACT
chr3	188600154	A	C	YES	RNA_ARTEFACT
chr3	188599369	G	A	YES	RNA_ARTEFACT
chr4	187628398	C	G	YES	RNA_ARTEFACT
chr4	187627792	T	C	YES	RNA_ARTEFACT
chr4	187538942	T	G	YES	RNA_ARTEFACT
chr4	187538330	G	A	YES	RNA_ARTEFACT
chr4	187534375	A	G	YES	RNA_ARTEFACT
chr4	187534363	G	A	YES	RNA_ARTEFACT
chr2	187532417	G	A	YES	RNA_ARTEFACT
chr4	187525020	A	C	YES	RNA_ARTEFACT
chr4	187519206	C	G	YES	RNA_ARTEFACT
chr4	187516880	A	G	YES	RNA_ARTEFACT
chr4	187509321	A	C	YES	RNA_ARTEFACT
chr4	187509320	G	A	YES	RNA_ARTEFACT
chr3	187447032	G	A	YES	RNA_ARTEFACT
chr3	187439746	-	TA	YES	RNA_ARTEFACT
chr3	185765580	-	T	YES	RNA_ARTEFACT
chr3	185764463	G	A	YES	RNA_ARTEFACT
chr4	185549130	G	T	YES	RNA_ARTEFACT
chr3	185200873	G	C	YES	RNA_ARTEFACT
chr3	185200783	A	C	YES	RNA_ARTEFACT
chr5	180028717	T	C	YES	RNA_ARTEFACT
chr1	179075755	A	G	YES	RNA_ARTEFACT
chr1	179073039	C	G	YES	RNA_ARTEFACT
chr1	179072966	C	T	YES	RNA_ARTEFACT
chr1	179072728	T	C	YES	RNA_ARTEFACT
chr1	179071918	G	T	YES	RNA_ARTEFACT
chr1	179071865	G	A	YES	RNA_ARTEFACT
chr1	179071756	G	A	YES	RNA_ARTEFACT
chr1	179070334	C	G	YES	RNA_ARTEFACT
chr1	179070120	C	T	YES	RNA_ARTEFACT
chr1	179069429	C	T	YES	RNA_ARTEFACT
chr1	179068851	A	G	YES	RNA_ARTEFACT
chr3	176739663	A	G	YES	RNA_ARTEFACT
chr5	176726002	T	C	YES	RNA_ARTEFACT
chr5	176721198	T	C	YES	RNA_ARTEFACT
chr1	170705618	A	C	YES	RNA_ARTEFACT
chr6	168343838	T	C	YES	RNA_ARTEFACT
chr1	164818907	C	T	YES	RNA_ARTEFACT
chr6	163997673	C	T	YES	RNA_ARTEFACT
chr6	163997467	T	G	YES	RNA_ARTEFACT
chr6	163997383	A	C	YES	RNA_ARTEFACT
chr6	163997379	A	G	YES	RNA_ARTEFACT
chr6	163992751	-	A	YES	RNA_ARTEFACT
chr6	163987389	T	A	YES	RNA_ARTEFACT
chr1	162750208	C	T	YES	RNA_ARTEFACT
chr1	162625020	G	A	YES	RNA_ARTEFACT
chr1	161647533	A	G	YES	RNA_ARTEFACT
chr5	159504091	-	A	YES	RNA_ARTEFACT
chr2	158636910	G	A	YES	RNA_ARTEFACT
chr2	158626980	C	T	YES	RNA_ARTEFACT
chr3	158320703	C	A	YES	RNA_ARTEFACT
chr3	158320597	T	C	YES	RNA_ARTEFACT
chr1	156107534	C	T	YES	RNA_ARTEFACT
chrX	153629257	T	C	YES	RNA_ARTEFACT
chrX	153629155	A	G	YES	RNA_ARTEFACT
chr1	151040435	G	A	YES	RNA_ARTEFACT
chr1	150808889	C	G	YES	RNA_ARTEFACT
chr1	150783985	T	C	YES	RNA_ARTEFACT
chr1	150783955	T	C	YES	RNA_ARTEFACT
chr1	150783934	-	CA	YES	RNA_ARTEFACT
chr5	149495395	T	C	YES	RNA_ARTEFACT
chr5	149495253	T	C	YES	RNA_ARTEFACT
chr5	149495050	T	C	YES	RNA_ARTEFACT
chr5	149493472	C	T	YES	RNA_ARTEFACT
chr5	149457678	G	A	YES	RNA_ARTEFACT
chr5	149433597	G	A	YES	RNA_ARTEFACT
chr5	149433596	T	G	YES	RNA_ARTEFACT
chr3	149237888	C	A	YES	RNA_ARTEFACT
chr3	149237602	T	C	YES	RNA_ARTEFACT
chr3	149237489	G	A	YES	RNA_ARTEFACT
chr3	149236710	T	C	YES	RNA_ARTEFACT
chr3	149236187	T	A	YES	RNA_ARTEFACT
chr3	149235707	A	G	YES	RNA_ARTEFACT
chr7	148504717	G	-	YES	RNA_ARTEFACT
chr1	147097635	C	T	YES	RNA_ARTEFACT
chr1	147096828	C	G	YES	RNA_ARTEFACT
chr1	147096794	A	G	YES	RNA_ARTEFACT
chr8	145741765	G	A	YES	RNA_ARTEFACT
chr8	145737816	C	T	YES	RNA_ARTEFACT
chr8	145737636	A	G	YES	RNA_ARTEFACT
chr1	144994658	C	A	YES	RNA_ARTEFACT
chr1	144955288	A	G	YES	RNA_ARTEFACT
chr1	144952581	G	C	YES	RNA_ARTEFACT
chr1	144951973	T	C	YES	RNA_ARTEFACT
chr1	144951959	T	C	YES	RNA_ARTEFACT
chr1	144951880	A	T	YES	RNA_ARTEFACT
chr1	144931392	G	A	YES	RNA_ARTEFACT
chr1	144931330	C	T	YES	RNA_ARTEFACT
chr1	144930940	T	C	YES	RNA_ARTEFACT
chr1	144930596	C	A	YES	RNA_ARTEFACT
chr1	144922583	G	A	YES	RNA_ARTEFACT
chr1	144918957	T	A	YES	RNA_ARTEFACT
chr1	144917841	T	C	YES	RNA_ARTEFACT
chr1	144917546	A	G	YES	RNA_ARTEFACT
chr1	144916748	C	G	YES	RNA_ARTEFACT
chr1	144915624	G	A	YES	RNA_ARTEFACT
chr1	144915561	G	A	YES	RNA_ARTEFACT
chr1	144912233	C	T	YES	RNA_ARTEFACT
chr1	144912153	A	G	YES	RNA_ARTEFACT
chr1	144909956	G	A	YES	RNA_ARTEFACT
chr1	144892586	G	C	YES	RNA_ARTEFACT
chr1	144892585	T	C	YES	RNA_ARTEFACT
chr1	144891803	G	A	YES	RNA_ARTEFACT
chr1	144891582	G	T	YES	RNA_ARTEFACT
chr1	144890833	T	C	YES	RNA_ARTEFACT
chr1	144886197	A	T	YES	RNA_ARTEFACT
chr1	144882823	C	T	YES	RNA_ARTEFACT
chr1	144882581	A	G	YES	RNA_ARTEFACT
chr1	144879375	T	C	YES	RNA_ARTEFACT
chr1	144879264	A	G	YES	RNA_ARTEFACT
chr1	144877176	C	T	YES	RNA_ARTEFACT
chr1	144874760	T	C	YES	RNA_ARTEFACT
chr1	144873887	C	T	YES	RNA_ARTEFACT
chr1	144868170	C	T	YES	RNA_ARTEFACT
chr1	144866662	T	C	YES	RNA_ARTEFACT
chr1	144866643	G	A	YES	RNA_ARTEFACT
chr1	144865850	G	T	YES	RNA_ARTEFACT
chr1	144855866	A	G	YES	RNA_ARTEFACT
chr1	144855812	T	C	YES	RNA_ARTEFACT
chr1	144854598	C	T	YES	RNA_ARTEFACT
chr1	144854597	T	C	YES	RNA_ARTEFACT
chr1	144852476	T	C	YES	RNA_ARTEFACT
chr1	144852390	C	T	YES	RNA_ARTEFACT
chr1	144852321	C	A	YES	RNA_ARTEFACT
chr1	144852167	G	T	YES	RNA_ARTEFACT
chr1	144852080	T	C	YES	RNA_ARTEFACT
chr1	144851999	A	C	YES	RNA_ARTEFACT
chr1	144851903	G	A	YES	RNA_ARTEFACT
chr1	144851848	G	A	YES	RNA_ARTEFACT
chr1	144851537	A	G	YES	RNA_ARTEFACT
chr5	142606971	T	C	YES	RNA_ARTEFACT
chr5	142593652	C	T	YES	RNA_ARTEFACT
chr5	142421415	T	G	YES	RNA_ARTEFACT
chr3	142168331	C	T	YES	RNA_ARTEFACT
chr9	139391636	G	A	YES	RNA_ARTEFACT
chr9	139390397	C	T	YES	RNA_ARTEFACT
chr9	139389184	A	G	YES	RNA_ARTEFACT
chr7	137600690	C	T	YES	RNA_ARTEFACT
chr7	137564501	C	G	YES	RNA_ARTEFACT
chr7	137563434	T	C	YES	RNA_ARTEFACT
chr7	137560697	C	G	YES	RNA_ARTEFACT
chr9	136913355	T	C	YES	RNA_ARTEFACT
chr3	136088038	G	A	YES	RNA_ARTEFACT
chr9	135983504	T	C	YES	RNA_ARTEFACT
chr9	135974100	G	A	YES	RNA_ARTEFACT
chr9	135974079	G	C	YES	RNA_ARTEFACT
chr9	135771333	A	-	YES	RNA_ARTEFACT
chr9	135770347	A	C	YES	RNA_ARTEFACT
chr9	135770300	G	A	YES	RNA_ARTEFACT
chr9	135770134	G	A	YES	RNA_ARTEFACT
chr9	135770115	C	T	YES	RNA_ARTEFACT
chr9	135767943	C	T	YES	RNA_ARTEFACT
chr8	134250165	A	G	YES	RNA_ARTEFACT
chr9	134020092	C	T	YES	RNA_ARTEFACT
chr9	133761001	A	G	YES	RNA_ARTEFACT
chr12	133236000	C	T	YES	RNA_ARTEFACT
chr12	133219831	T	C	YES	RNA_ARTEFACT
chr12	133208979	T	C	YES	RNA_ARTEFACT
chr12	133200748	T	C	YES	RNA_ARTEFACT
chr9	132686186	A	G	YES	RNA_ARTEFACT
chr9	132662786	C	T	YES	RNA_ARTEFACT
chr9	132652523	A	G	YES	RNA_ARTEFACT
chr9	132652336	A	G	YES	RNA_ARTEFACT
chr9	132651248	G	A	YES	RNA_ARTEFACT
chr9	132650529	T	C	YES	RNA_ARTEFACT
chr9	132650019	C	T	YES	RNA_ARTEFACT
chr9	132649857	C	T	YES	RNA_ARTEFACT
chr9	132649662	A	G	YES	RNA_ARTEFACT
chr5	132215807	C	T	YES	RNA_ARTEFACT
chr5	132215477	A	C	YES	RNA_ARTEFACT
chr5	132214931	G	A	YES	RNA_ARTEFACT
chr5	132214330	T	C	YES	RNA_ARTEFACT
chr3	128890350	G	A	YES	RNA_ARTEFACT
chr3	128887862	A	G	YES	RNA_ARTEFACT
chr3	128887527	A	G	YES	RNA_ARTEFACT
chr3	128887147	C	T	YES	RNA_ARTEFACT
chr7	128853057	A	G	YES	RNA_ARTEFACT
chr7	128852913	T	C	YES	RNA_ARTEFACT
chr7	128846328	G	C	YES	RNA_ARTEFACT
chr6	128403745	A	G	YES	RNA_ARTEFACT
chr6	128388799	G	T	YES	RNA_ARTEFACT
chr3	128356852	C	T	YES	RNA_ARTEFACT
chr3	128339057	A	T	YES	RNA_ARTEFACT
chr3	128338953	T	C	YES	RNA_ARTEFACT
chr9	127910307	T	G	YES	RNA_ARTEFACT
chr7	127721507	T	C	YES	RNA_ARTEFACT
chr4	126413448	C	G	YES	RNA_ARTEFACT
chr4	126412575	A	G	YES	RNA_ARTEFACT
chr4	126373789	G	A	YES	RNA_ARTEFACT
chr12	124979833	C	G	YES	RNA_ARTEFACT
chr12	124887102	C	T	YES	RNA_ARTEFACT
chr12	124887096	T	C	YES	RNA_ARTEFACT
chr12	124856660	T	A	YES	RNA_ARTEFACT
chr9	123917020	T	A	YES	RNA_ARTEFACT
chr10	123298158	T	C	YES	RNA_ARTEFACT
chr12	122812503	G	C	YES	RNA_ARTEFACT
chr12	122497001	T	C	YES	RNA_ARTEFACT
chr12	122269182	G	A	YES	RNA_ARTEFACT
chr12	122243905	C	T	YES	RNA_ARTEFACT
chr3	121154974	T	C	YES	RNA_ARTEFACT
chr11	119175422	T	C	YES	RNA_ARTEFACT
chr8	118847782	G	A	YES	RNA_ARTEFACT
chr8	118819578	C	T	YES	RNA_ARTEFACT
chr11	118767077	T	C	YES	RNA_ARTEFACT
chrX	118752312	T	C	YES	RNA_ARTEFACT
chrX	118751950	G	A	YES	RNA_ARTEFACT
chrX	118751732	T	C	YES	RNA_ARTEFACT
chr11	118622744	G	A	YES	RNA_ARTEFACT
chr11	118622245	G	A	YES	RNA_ARTEFACT
chr11	118621889	-	G	YES	RNA_ARTEFACT
chr11	118621825	-	T	YES	RNA_ARTEFACT
chr11	118621495	G	C	YES	RNA_ARTEFACT
chr11	118620717	C	-	YES	RNA_ARTEFACT
chr11	118620697	T	C	YES	RNA_ARTEFACT
chr11	118619423	C	T	YES	RNA_ARTEFACT
chr11	118618837	A	C	YES	RNA_ARTEFACT
chr11	118618620	C	G	YES	RNA_ARTEFACT
chr11	118393396	A	G	YES	RNA_ARTEFACT
chr6	117881605	A	T	YES	RNA_ARTEFACT
chr8	117858389	G	A	YES	RNA_ARTEFACT
chr9	117853022	C	T	YES	RNA_ARTEFACT
chr9	117848394	T	C	YES	RNA_ARTEFACT
chr9	117846580	T	C	YES	RNA_ARTEFACT
chr9	117846570	C	T	YES	RNA_ARTEFACT
chr9	117808785	T	A	YES	RNA_ARTEFACT
chr9	117792583	C	G	YES	RNA_ARTEFACT
chr11	117039797	G	A	YES	RNA_ARTEFACT
chr11	117039325	T	G	YES	RNA_ARTEFACT
chr7	116437606	G	A	YES	RNA_ARTEFACT
chr12	115108907	T	C	YES	RNA_ARTEFACT
chr1	114948281	A	G	YES	RNA_ARTEFACT
chr2	113289701	T	G	YES	RNA_ARTEFACT
chr2	113288580	G	A	YES	RNA_ARTEFACT
chr2	113287964	A	G	YES	RNA_ARTEFACT
chr2	113287329	C	G	YES	RNA_ARTEFACT
chr2	113286562	A	G	YES	RNA_ARTEFACT
chr2	113258916	C	T	YES	RNA_ARTEFACT
chr5	112181576	G	A	YES	RNA_ARTEFACT
chr5	112177171	G	A	YES	RNA_ARTEFACT
chr5	112176559	T	G	YES	RNA_ARTEFACT
chr5	112176325	G	A	YES	RNA_ARTEFACT
chr5	112175770	G	A	YES	RNA_ARTEFACT
chr11	111966307	T	C	YES	RNA_ARTEFACT
chr12	111884608	T	C	YES	RNA_ARTEFACT
chr2	109389463	G	A	YES	RNA_ARTEFACT
chr6	109005588	A	G	YES	RNA_ARTEFACT
chr6	109003989	C	A	YES	RNA_ARTEFACT
chr6	109003321	T	C	YES	RNA_ARTEFACT
chr6	109002042	C	T	YES	RNA_ARTEFACT
chr6	108985618	T	G	YES	RNA_ARTEFACT
chr4	108969590	A	G	YES	RNA_ARTEFACT
chr11	108239628	G	T	YES	RNA_ARTEFACT
chr11	108237839	C	T	YES	RNA_ARTEFACT
chr11	108236783	G	T	YES	RNA_ARTEFACT
chr11	108236636	A	G	YES	RNA_ARTEFACT
chr11	108183167	A	G	YES	RNA_ARTEFACT
chr3	105422844	C	T	YES	RNA_ARTEFACT
chr12	105155605	C	T	YES	RNA_ARTEFACT
chr12	105154148	T	C	YES	RNA_ARTEFACT
chr12	105154135	C	T	YES	RNA_ARTEFACT
chr12	105154087	G	A	YES	RNA_ARTEFACT
chr12	105153570	C	T	YES	RNA_ARTEFACT
chr12	105152997	T	C	YES	RNA_ARTEFACT
chr12	105152391	A	G	YES	RNA_ARTEFACT
chr10	104953007	C	G	YES	RNA_ARTEFACT
chr10	104849468	G	A	YES	RNA_ARTEFACT
chr10	104848123	G	A	YES	RNA_ARTEFACT
chr10	104389932	T	G	YES	RNA_ARTEFACT
chr10	104160434	A	G	YES	RNA_ARTEFACT
chr14	102550803	G	A	YES	RNA_ARTEFACT
chr14	102547218	G	A	YES	RNA_ARTEFACT
chr14	102547105	A	G	YES	RNA_ARTEFACT
chr7	101917521	G	A	YES	RNA_ARTEFACT
chr7	101916647	A	G	YES	RNA_ARTEFACT
chr7	101900122	T	C	YES	RNA_ARTEFACT
chr7	101900110	G	C	YES	RNA_ARTEFACT
chr7	101897945	G	T	YES	RNA_ARTEFACT
chr7	101897227	C	G	YES	RNA_ARTEFACT
chr7	101896232	A	G	YES	RNA_ARTEFACT
chr7	101895864	C	T	YES	RNA_ARTEFACT
chr7	101837149	G	A	YES	RNA_ARTEFACT
chr3	100467676	A	T	YES	RNA_ARTEFACT
chr3	100467018	T	C	YES	RNA_ARTEFACT
chr9	97862701	A	G	YES	RNA_ARTEFACT
chr9	97862118	C	T	YES	RNA_ARTEFACT
chr2	96917588	T	G	YES	RNA_ARTEFACT
chr14	95556747	A	T	YES	RNA_ARTEFACT
chr14	95555205	C	T	YES	RNA_ARTEFACT
chr9	93660309	T	C	YES	RNA_ARTEFACT
chr15	93570723	T	C	YES	RNA_ARTEFACT
chr15	93570241	T	C	YES	RNA_ARTEFACT
chr15	93568884	A	C	YES	RNA_ARTEFACT
chr15	93567864	A	C	YES	RNA_ARTEFACT
chr15	93521604	A	G	YES	RNA_ARTEFACT
chr15	93510603	A	G	YES	RNA_ARTEFACT
chr1	93307480	T	A	YES	RNA_ARTEFACT
chr14	93276654	T	C	YES	RNA_ARTEFACT
chr11	92628090	A	C	YES	RNA_ARTEFACT
chr12	92539590	T	C	YES	RNA_ARTEFACT
chr7	92236164	T	C	YES	RNA_ARTEFACT
chr7	91726927	A	C	YES	RNA_ARTEFACT
chr7	91714911	C	T	YES	RNA_ARTEFACT
chr15	91430436	T	C	YES	RNA_ARTEFACT
chr15	91083353	G	A	YES	RNA_ARTEFACT
chr8	90967711	A	G	YES	RNA_ARTEFACT
chr10	90771829	T	C	YES	RNA_ARTEFACT
chr10	88683890	T	A	YES	RNA_ARTEFACT
chr4	88060025	C	A	YES	RNA_ARTEFACT
chr4	88059415	G	A	YES	RNA_ARTEFACT
chr4	88058472	A	G	YES	RNA_ARTEFACT
chr4	88057353	G	A	YES	RNA_ARTEFACT
chr4	88056925	A	G	YES	RNA_ARTEFACT
chr4	87684031	A	G	YES	RNA_ARTEFACT
chr11	85968623	C	T	YES	RNA_ARTEFACT
chr11	85780073	G	T	YES	RNA_ARTEFACT
chr11	85725937	C	T	YES	RNA_ARTEFACT
chr11	85692181	A	C	YES	RNA_ARTEFACT
chr8	80677264	T	A	YES	RNA_ARTEFACT
chr8	80676529	T	G	YES	RNA_ARTEFACT
chr9	80335288	C	T	YES	RNA_ARTEFACT
chr9	80335076	C	T	YES	RNA_ARTEFACT
chr9	80334981	A	G	YES	RNA_ARTEFACT
chr9	80333407	G	A	YES	RNA_ARTEFACT
chr17	79974731	T	C	YES	RNA_ARTEFACT
chr17	79954544	T	A	YES	RNA_ARTEFACT
chr16	79630326	C	T	YES	RNA_ARTEFACT
chr17	78354661	C	T	YES	RNA_ARTEFACT
chr17	78327358	G	A	YES	RNA_ARTEFACT
chr17	78319380	G	C	YES	RNA_ARTEFACT
chr17	78319136	G	A	YES	RNA_ARTEFACT
chr17	78311508	G	A	YES	RNA_ARTEFACT
chr17	78306308	C	G	YES	RNA_ARTEFACT
chr17	78306280	A	G	YES	RNA_ARTEFACT
chr17	78305871	G	A	YES	RNA_ARTEFACT
chr17	78302157	C	A	YES	RNA_ARTEFACT
chr17	78298938	A	G	YES	RNA_ARTEFACT
chr17	78293641	C	T	YES	RNA_ARTEFACT
chr17	75496460	T	C	YES	RNA_ARTEFACT
chr17	75496361	A	G	YES	RNA_ARTEFACT
chr17	75496342	T	C	YES	RNA_ARTEFACT
chr17	75495840	T	C	YES	RNA_ARTEFACT
chr17	75495397	T	C	YES	RNA_ARTEFACT
chr17	75495065	T	C	YES	RNA_ARTEFACT
chr17	75494787	-	C	YES	RNA_ARTEFACT
chr17	75494746	A	G	YES	RNA_ARTEFACT
chr17	75494705	A	G	YES	RNA_ARTEFACT
chr7	75163169	A	G	YES	RNA_ARTEFACT
chr17	74733099	G	A	YES	RNA_ARTEFACT
chr17	74732507	A	G	YES	RNA_ARTEFACT
chr17	74730843	T	C	YES	RNA_ARTEFACT
chr16	74695079	G	T	YES	RNA_ARTEFACT
chr16	74670458	C	T	YES	RNA_ARTEFACT
chr16	74664810	A	T	YES	RNA_ARTEFACT
chr16	74657485	A	T	YES	RNA_ARTEFACT
chr16	74657421	T	C	YES	RNA_ARTEFACT
chr16	74656361	A	-	YES	RNA_ARTEFACT
chr16	74655848	G	A	YES	RNA_ARTEFACT
chr16	74655634	G	C	YES	RNA_ARTEFACT
chr16	74655601	G	T	YES	RNA_ARTEFACT
chr15	74338939	C	T	YES	RNA_ARTEFACT
chr15	74338462	C	T	YES	RNA_ARTEFACT
chr15	74328576	A	G	YES	RNA_ARTEFACT
chr15	74328141	G	T	YES	RNA_ARTEFACT
chr15	74328116	A	G	YES	RNA_ARTEFACT
chr17	73773110	T	C	YES	RNA_ARTEFACT
chr17	73773106	G	A	YES	RNA_ARTEFACT
chr17	73773000	C	T	YES	RNA_ARTEFACT
chr7	73470714	G	A	YES	RNA_ARTEFACT
chr16	72832135	T	A	YES	RNA_ARTEFACT
chr16	72827758	T	C	YES	RNA_ARTEFACT
chr11	71714528	T	G	YES	RNA_ARTEFACT
chr11	71714526	G	C	YES	RNA_ARTEFACT
chr11	71714078	T	C	YES	RNA_ARTEFACT
chr12	70928724	A	G	YES	RNA_ARTEFACT
chrX	70469182	G	A	YES	RNA_ARTEFACT
chr11	69467547	-	AC	YES	RNA_ARTEFACT
chr11	69466737	C	G	YES	RNA_ARTEFACT
chr11	69466115	C	A	YES	RNA_ARTEFACT
chr11	69462910	G	A	YES	RNA_ARTEFACT
chr12	69238408	G	T	YES	RNA_ARTEFACT
chr12	69237534	A	G	YES	RNA_ARTEFACT
chr12	69237388	A	G	YES	RNA_ARTEFACT
chr12	69237043	A	G	YES	RNA_ARTEFACT
chr12	69235406	G	A	YES	RNA_ARTEFACT
chr5	67597196	G	A	YES	RNA_ARTEFACT
chr5	67597194	A	G	YES	RNA_ARTEFACT
chr5	67596088	G	A	YES	RNA_ARTEFACT
chr15	67486383	A	G	YES	RNA_ARTEFACT
chr15	67485101	G	A	YES	RNA_ARTEFACT
chr15	67457335	A	G	YES	RNA_ARTEFACT
chrX	66950105	C	T	YES	RNA_ARTEFACT
chrX	66949722	C	T	YES	RNA_ARTEFACT
chr17	66528778	C	G	YES	RNA_ARTEFACT
chr17	66508243	C	A	YES	RNA_ARTEFACT
chr14	65542790	G	A	YES	RNA_ARTEFACT
chr14	65542629	C	T	YES	RNA_ARTEFACT
chr14	65542607	C	T	YES	RNA_ARTEFACT
chr14	65542067	C	G	YES	RNA_ARTEFACT
chr1	65310489	T	C	YES	RNA_ARTEFACT
chr16	65025718	G	A	YES	RNA_ARTEFACT
chr16	65016087	A	C	YES	RNA_ARTEFACT
chr16	64980818	C	T	YES	RNA_ARTEFACT
chr11	64572602	G	A	YES	RNA_ARTEFACT
chr11	64572557	A	G	YES	RNA_ARTEFACT
chr11	64572018	T	C	YES	RNA_ARTEFACT
chr17	63533789	T	C	YES	RNA_ARTEFACT
chr17	63525082	A	T	YES	RNA_ARTEFACT
chr10	61552774	C	T	YES	RNA_ARTEFACT
chr10	61552692	G	T	YES	RNA_ARTEFACT
chr10	61550057	C	T	YES	RNA_ARTEFACT
chr10	61549818	A	G	YES	RNA_ARTEFACT
chr10	61549658	T	-	YES	RNA_ARTEFACT
chr11	61213920	T	C	YES	RNA_ARTEFACT
chr14	61112667	G	C	YES	RNA_ARTEFACT
chr18	61022791	C	T	YES	RNA_ARTEFACT
chr18	60998527	C	G	YES	RNA_ARTEFACT
chr18	60998519	C	G	YES	RNA_ARTEFACT
chr18	60998401	A	G	YES	RNA_ARTEFACT
chr18	60997778	T	C	YES	RNA_ARTEFACT
chr18	60996360	T	C	YES	RNA_ARTEFACT
chr18	60986549	C	G	YES	RNA_ARTEFACT
chr17	59763465	T	C	YES	RNA_ARTEFACT
chr17	59763347	A	G	YES	RNA_ARTEFACT
chr17	59760996	A	G	YES	RNA_ARTEFACT
chr17	59760174	G	A	YES	RNA_ARTEFACT
chr3	59735241	-	G	YES	RNA_ARTEFACT
chr1	59249347	G	C	YES	RNA_ARTEFACT
chr1	59249031	T	G	YES	RNA_ARTEFACT
chr1	59248813	G	C	YES	RNA_ARTEFACT
chr17	57772814	C	T	YES	RNA_ARTEFACT
chr11	57571232	C	T	YES	RNA_ARTEFACT
chr11	57563991	C	T	YES	RNA_ARTEFACT
chr11	57529429	A	G	YES	RNA_ARTEFACT
chr12	57490100	T	C	YES	RNA_ARTEFACT
chr12	57489828	C	T	YES	RNA_ARTEFACT
chr12	57489648	C	T	YES	RNA_ARTEFACT
chr20	57478807	C	T	YES	RNA_ARTEFACT
chr12	57114100	A	G	YES	RNA_ARTEFACT
chr12	57109931	A	T	YES	RNA_ARTEFACT
chr12	57109792	A	G	YES	RNA_ARTEFACT
chr12	57108203	A	G	YES	RNA_ARTEFACT
chr12	57106660	A	T	YES	RNA_ARTEFACT
chr5	56190531	G	A	YES	RNA_ARTEFACT
chr5	56178217	A	C	YES	RNA_ARTEFACT
chr5	56177743	G	A	YES	RNA_ARTEFACT
chr4	55946081	A	G	YES	RNA_ARTEFACT
chr7	55266417	T	C	YES	RNA_ARTEFACT
chr7	55249063	G	A	YES	RNA_ARTEFACT
chr4	55163826	T	G	YES	RNA_ARTEFACT
chr4	55162950	C	A	YES	RNA_ARTEFACT
chr4	55161517	A	G	YES	RNA_ARTEFACT
chr4	55161391	T	C	YES	RNA_ARTEFACT
chr4	55141055	A	G	YES	RNA_ARTEFACT
chr4	54876132	C	-	YES	RNA_ARTEFACT
chr19	54649671	T	C	YES	RNA_ARTEFACT
chr4	54325990	T	C	YES	RNA_ARTEFACT
chr19	54081915	A	G	YES	RNA_ARTEFACT
chr19	54081898	G	A	YES	RNA_ARTEFACT
chr19	54080144	A	G	YES	RNA_ARTEFACT
chr19	54025201	A	G	YES	RNA_ARTEFACT
chr19	54025053	G	A	YES	RNA_ARTEFACT
chr19	54024979	C	T	YES	RNA_ARTEFACT
chrX	53222043	-	C	YES	RNA_ARTEFACT
chrX	53221259	-	G	YES	RNA_ARTEFACT
chrX	53220836	G	T	YES	RNA_ARTEFACT
chr15	52689631	T	G	YES	RNA_ARTEFACT
chr15	52689526	T	C	YES	RNA_ARTEFACT
chr15	52667552	G	A	YES	RNA_ARTEFACT
chr15	52603363	G	A	YES	RNA_ARTEFACT
chr15	52601750	A	G	YES	RNA_ARTEFACT
chr15	52601220	G	A	YES	RNA_ARTEFACT
chr1	51873951	G	A	YES	RNA_ARTEFACT
chr14	51239067	C	G	YES	RNA_ARTEFACT
chr14	51237701	A	G	YES	RNA_ARTEFACT
chr14	51224374	T	G	YES	RNA_ARTEFACT
chr14	51223789	C	T	YES	RNA_ARTEFACT
chr12	51214327	G	T	YES	RNA_ARTEFACT
chr12	51213765	T	C	YES	RNA_ARTEFACT
chr14	51204996	C	T	YES	RNA_ARTEFACT
chr12	51203371	C	T	YES	RNA_ARTEFACT
chr14	51188341	A	G	YES	RNA_ARTEFACT
chr15	50773755	G	A	YES	RNA_ARTEFACT
chr20	50005736	G	C	YES	RNA_ARTEFACT
chr20	50004654	T	C	YES	RNA_ARTEFACT
chr12	49427652	C	T	YES	RNA_ARTEFACT
chr12	49425978	T	C	YES	RNA_ARTEFACT
chr3	49396751	T	C	YES	RNA_ARTEFACT
chrX	48888074	T	C	YES	RNA_ARTEFACT
chr17	48268223	A	G	YES	RNA_ARTEFACT
chr17	48265495	T	C	YES	RNA_ARTEFACT
chr17	47888852	A	G	YES	RNA_ARTEFACT
chr1	47717189	A	G	YES	RNA_ARTEFACT
chr1	47715948	T	C	YES	RNA_ARTEFACT
chr1	47715934	T	C	YES	RNA_ARTEFACT
chr11	47238522	T	C	YES	RNA_ARTEFACT
chr3	47162661	A	G	YES	RNA_ARTEFACT
chr3	47125385	G	A	YES	RNA_ARTEFACT
chr3	47058057	A	G	YES	RNA_ARTEFACT
chr13	46708291	T	C	YES	RNA_ARTEFACT
chr13	46701233	A	T	YES	RNA_ARTEFACT
chr13	46700642	G	T	YES	RNA_ARTEFACT
chr2	46612327	TT	-	YES	RNA_ARTEFACT
chr19	45868309	T	G	YES	RNA_ARTEFACT
chr18	45367484	A	G	YES	RNA_ARTEFACT
chr2	45232686	A	C	YES	RNA_ARTEFACT
chr6	44218120	A	G	YES	RNA_ARTEFACT
chr8	42883416	A	G	YES	RNA_ARTEFACT
chr8	42881241	A	T	YES	RNA_ARTEFACT
chr8	42879512	C	A	YES	RNA_ARTEFACT
chr19	42799049	C	T	YES	RNA_ARTEFACT
chr18	42533130	A	G	YES	RNA_ARTEFACT
chr2	42515437	A	G	YES	RNA_ARTEFACT
chr2	42515388	A	G	YES	RNA_ARTEFACT
chr2	42510018	A	G	YES	RNA_ARTEFACT
chr8	42188550	A	G	YES	RNA_ARTEFACT
chr8	41906694	A	T	YES	RNA_ARTEFACT
chr6	41903782	A	C	YES	RNA_ARTEFACT
chr6	41903007	T	C	YES	RNA_ARTEFACT
chr6	41652604	T	C	YES	RNA_ARTEFACT
chr6	41652136	G	A	YES	RNA_ARTEFACT
chr22	41551039	T	A	YES	RNA_ARTEFACT
chr3	41281477	C	T	YES	RNA_ARTEFACT
chr3	41281413	T	A	YES	RNA_ARTEFACT
chr3	41281388	T	G	YES	RNA_ARTEFACT
chr22	40814500	T	C	YES	RNA_ARTEFACT
chr19	40739721	G	T	YES	RNA_ARTEFACT
chr19	40739513	A	G	YES	RNA_ARTEFACT
chr19	40737242	T	C	YES	RNA_ARTEFACT
chr15	40477831	G	A	YES	RNA_ARTEFACT
chr17	40466092	G	A	YES	RNA_ARTEFACT
chr15	40453307	A	G	YES	RNA_ARTEFACT
chr13	40177039	C	T	YES	RNA_ARTEFACT
chr4	40158464	A	G	YES	RNA_ARTEFACT
chrX	39933339	A	G	YES	RNA_ARTEFACT
chr21	39870310	G	A	YES	RNA_ARTEFACT
chr20	39797465	T	C	YES	RNA_ARTEFACT
chr22	39382079	C	A	YES	RNA_ARTEFACT
chr7	37953840	C	T	YES	RNA_ARTEFACT
chr7	37951726	G	A	YES	RNA_ARTEFACT
chr7	37947164	G	T	YES	RNA_ARTEFACT
chr17	37884037	C	G	YES	RNA_ARTEFACT
chr17	37688393	C	G	YES	RNA_ARTEFACT
chr17	37687968	A	G	YES	RNA_ARTEFACT
chr6	37142422	C	T	YES	RNA_ARTEFACT
chr17	37076331	G	A	YES	RNA_ARTEFACT
chr17	37075506	G	A	YES	RNA_ARTEFACT
chr2	37075397	T	G	YES	RNA_ARTEFACT
chr2	37074951	G	A	YES	RNA_ARTEFACT
chr2	37073809	T	C	YES	RNA_ARTEFACT
chr2	37072266	C	G	YES	RNA_ARTEFACT
chr17	37070658	A	G	YES	RNA_ARTEFACT
chr2	37069650	C	T	YES	RNA_ARTEFACT
chr2	37067499	C	T	YES	RNA_ARTEFACT
chr2	37066163	C	T	YES	RNA_ARTEFACT
chr2	37065138	T	G	YES	RNA_ARTEFACT
chr17	37054772	C	T	YES	RNA_ARTEFACT
chr17	36882595	T	A	YES	RNA_ARTEFACT
chr17	36861983	T	C	YES	RNA_ARTEFACT
chr1	36770806	C	G	YES	RNA_ARTEFACT
chr1	36752433	C	T	YES	RNA_ARTEFACT
chr1	36752152	C	T	YES	RNA_ARTEFACT
chr22	36691607	A	C	YES	RNA_ARTEFACT
chr22	36678118	C	T	YES	RNA_ARTEFACT
chr6	36654351	T	C	YES	RNA_ARTEFACT
chr21	36193871	T	C	YES	RNA_ARTEFACT
chr20	36030939	G	C	YES	RNA_ARTEFACT
chr13	35615256	G	A	YES	RNA_ARTEFACT
chr13	35615150	G	A	YES	RNA_ARTEFACT
chr6	35423662	A	C	YES	RNA_ARTEFACT
chr14	35242828	G	A	YES	RNA_ARTEFACT
chr19	34719058	T	C	YES	RNA_ARTEFACT
chr6	34213868	A	G	YES	RNA_ARTEFACT
chr6	34213296	T	C	YES	RNA_ARTEFACT
chr6	34212743	A	G	YES	RNA_ARTEFACT
chr11	33886294	A	G	YES	RNA_ARTEFACT
chr11	33881016	T	C	YES	RNA_ARTEFACT
chr19	33390796	G	A	YES	RNA_ARTEFACT
chr19	33370161	A	C	YES	RNA_ARTEFACT
chr7	33046197	C	T	YES	RNA_ARTEFACT
chr7	33045725	C	T	YES	RNA_ARTEFACT
chr7	33045396	A	T	YES	RNA_ARTEFACT
chr7	33045285	G	A	YES	RNA_ARTEFACT
chr13	32973200	A	G	YES	RNA_ARTEFACT
chr2	32822957	G	A	YES	RNA_ARTEFACT
chr5	31515657	G	A	YES	RNA_ARTEFACT
chr5	31401447	A	G	YES	RNA_ARTEFACT
chr16	31204235	T	C	YES	RNA_ARTEFACT
chr16	31195279	C	T	YES	RNA_ARTEFACT
chr16	31191482	A	G	YES	RNA_ARTEFACT
chr20	31022959	T	C	YES	RNA_ARTEFACT
chr8	30999280	G	T	YES	RNA_ARTEFACT
chr20	30956815	C	A	YES	RNA_ARTEFACT
chr8	30924557	C	T	YES	RNA_ARTEFACT
chr3	30733402	TA	-	YES	RNA_ARTEFACT
chr17	30303572	C	T	YES	RNA_ARTEFACT
chr17	30303546	A	G	YES	RNA_ARTEFACT
chr17	30302681	G	A	YES	RNA_ARTEFACT
chr17	30302638	T	C	YES	RNA_ARTEFACT
chr17	30302581	C	T	YES	RNA_ARTEFACT
chr17	30302507	A	T	YES	RNA_ARTEFACT
chr17	30267331	C	T	YES	RNA_ARTEFACT
chr17	30264485	C	T	YES	RNA_ARTEFACT
chr8	29965403	C	T	YES	RNA_ARTEFACT
chr8	29965268	-	T	YES	RNA_ARTEFACT
chr6	29913638	G	C	YES	RNA_ARTEFACT
chr6	29913542	T	G	YES	RNA_ARTEFACT
chr6	29913042	C	T	YES	RNA_ARTEFACT
chr6	29912856	A	T	YES	RNA_ARTEFACT
chr6	29912852	T	C	YES	RNA_ARTEFACT
chr6	29912368	C	T	YES	RNA_ARTEFACT
chr6	29912333	C	T	YES	RNA_ARTEFACT
chr6	29912280	T	C	YES	RNA_ARTEFACT
chr6	29912108	G	C	YES	RNA_ARTEFACT
chr6	29911256	T	G	YES	RNA_ARTEFACT
chr6	29911228	A	T	YES	RNA_ARTEFACT
chr6	29911190	G	A	YES	RNA_ARTEFACT
chr6	29910742	G	C	YES	RNA_ARTEFACT
chr6	29910604	C	A	YES	RNA_ARTEFACT
chr6	29910358	C	G	YES	RNA_ARTEFACT
chr17	29704002	T	C	YES	RNA_ARTEFACT
chr12	27845924	C	T	YES	RNA_ARTEFACT
chr12	27800746	G	T	YES	RNA_ARTEFACT
chr12	27788021	G	A	YES	RNA_ARTEFACT
chr7	26230611	A	T	YES	RNA_ARTEFACT
chr2	26029209	G	T	YES	RNA_ARTEFACT
chr12	25362465	G	A	YES	RNA_ARTEFACT
chr12	25362217	A	G	YES	RNA_ARTEFACT
chr12	25361091	T	C	YES	RNA_ARTEFACT
chr12	25360138	T	C	YES	RNA_ARTEFACT
chr12	25359841	T	C	YES	RNA_ARTEFACT
chr12	25359465	A	-	YES	RNA_ARTEFACT
chr12	25359352	G	A	YES	RNA_ARTEFACT
chr12	25359328	A	T	YES	RNA_ARTEFACT
chr12	25358828	T	G	YES	RNA_ARTEFACT
chr12	25358650	A	T	YES	RNA_ARTEFACT
chr2	24974945	T	G	YES	RNA_ARTEFACT
chr2	24905927	G	C	YES	RNA_ARTEFACT
chr2	24252436	A	G	YES	RNA_ARTEFACT
chr2	24252417	T	C	YES	RNA_ARTEFACT
chr1	23885498	T	C	YES	RNA_ARTEFACT
chr1	23884661	G	A	YES	RNA_ARTEFACT
chr22	23660095	T	G	YES	RNA_ARTEFACT
chr22	23660010	A	G	YES	RNA_ARTEFACT
chr22	23659994	T	C	YES	RNA_ARTEFACT
chr22	23659916	A	G	YES	RNA_ARTEFACT
chr22	23659864	C	T	YES	RNA_ARTEFACT
chr22	23659783	C	G	YES	RNA_ARTEFACT
chr22	23659643	G	A	YES	RNA_ARTEFACT
chr22	23659624	C	G	YES	RNA_ARTEFACT
chr22	23659419	-	AG	YES	RNA_ARTEFACT
chr22	23659270	C	A	YES	RNA_ARTEFACT
chr22	23659160	G	A	YES	RNA_ARTEFACT
chr22	23659157	C	G	YES	RNA_ARTEFACT
chr22	23659043	A	G	YES	RNA_ARTEFACT
chr22	23659001	A	G	YES	RNA_ARTEFACT
chr22	23658968	A	G	YES	RNA_ARTEFACT
chr22	23658094	T	C	YES	RNA_ARTEFACT
chr22	23658007	G	A	YES	RNA_ARTEFACT
chr22	23657735	G	A	YES	RNA_ARTEFACT
chr22	23631801	T	C	YES	RNA_ARTEFACT
chr22	23627369	A	G	YES	RNA_ARTEFACT
chr18	23597811	T	C	YES	RNA_ARTEFACT
chr11	22646025	G	A	YES	RNA_ARTEFACT
chr11	22645413	G	A	YES	RNA_ARTEFACT
chr11	22644893	-	T	YES	RNA_ARTEFACT
chr22	22116467	C	T	YES	RNA_ARTEFACT
chr22	22116202	C	G	YES	RNA_ARTEFACT
chr22	22115498	T	C	YES	RNA_ARTEFACT
chr22	22115353	G	A	YES	RNA_ARTEFACT
chr22	22115004	C	G	YES	RNA_ARTEFACT
chr9	21975017	C	T	YES	RNA_ARTEFACT
chr9	21968199	C	G	YES	RNA_ARTEFACT
chr13	21620085	T	C	YES	RNA_ARTEFACT
chr13	21548026	A	G	YES	RNA_ARTEFACT
chr13	21547654	TG	-	YES	RNA_ARTEFACT
chr14	20784718	G	T	YES	RNA_ARTEFACT
chr17	20163529	A	G	YES	RNA_ARTEFACT
chr17	20108239	A	T	YES	RNA_ARTEFACT
chr22	20098882	T	C	YES	RNA_ARTEFACT
chr22	20098359	T	G	YES	RNA_ARTEFACT
chr20	20032998	T	C	YES	RNA_ARTEFACT
chr22	19197896	T	C	YES	RNA_ARTEFACT
chr22	19167409	T	C	YES	RNA_ARTEFACT
chr22	19167385	C	A	YES	RNA_ARTEFACT
chr19	18554204	-	AC	YES	RNA_ARTEFACT
chr1	18023997	-	C	YES	RNA_ARTEFACT
chr1	18023509	T	C	YES	RNA_ARTEFACT
chr1	18023365	C	T	YES	RNA_ARTEFACT
chr1	17991052	T	C	YES	RNA_ARTEFACT
chr19	17937429	A	G	YES	RNA_ARTEFACT
chr8	17886345	T	C	YES	RNA_ARTEFACT
chr8	17886026	G	A	YES	RNA_ARTEFACT
chr8	17819572	C	T	YES	RNA_ARTEFACT
chr8	17814915	A	G	YES	RNA_ARTEFACT
chr8	17796383	C	T	YES	RNA_ARTEFACT
chr8	17796382	A	G	YES	RNA_ARTEFACT
chr1	17380497	G	T	YES	RNA_ARTEFACT
chr17	17116412	A	G	YES	RNA_ARTEFACT
chr17	17115566	A	G	YES	RNA_ARTEFACT
chr1	16259813	A	G	YES	RNA_ARTEFACT
chr1	16256007	T	C	YES	RNA_ARTEFACT
chr1	15844615	A	G	YES	RNA_ARTEFACT
chrX	15838366	C	T	YES	RNA_ARTEFACT
chr16	15818141	A	C	YES	RNA_ARTEFACT
chr9	15464898	C	A	YES	RNA_ARTEFACT
chr19	15359259	G	A	YES	RNA_ARTEFACT
chr3	14197987	A	T	YES	RNA_ARTEFACT
chr3	14187449	G	T	YES	RNA_ARTEFACT
chr3	14186757	C	G	YES	RNA_ARTEFACT
chr1	14150992	T	C	YES	RNA_ARTEFACT
chr1	14150740	G	T	YES	RNA_ARTEFACT
chr1	14150714	G	A	YES	RNA_ARTEFACT
chr1	14150709	C	T	YES	RNA_ARTEFACT
chr1	14150505	T	C	YES	RNA_ARTEFACT
chr1	14150116	C	T	YES	RNA_ARTEFACT
chr1	14150032	C	T	YES	RNA_ARTEFACT
chr1	14149844	T	A	YES	RNA_ARTEFACT
chr1	14143003	A	G	YES	RNA_ARTEFACT
chr3	13670776	T	C	YES	RNA_ARTEFACT
chr3	13670536	A	G	YES	RNA_ARTEFACT
chr3	13670481	A	G	YES	RNA_ARTEFACT
chr19	13054781	G	T	YES	RNA_ARTEFACT
chr12	12874917	C	A	YES	RNA_ARTEFACT
chr12	12870695	T	C	YES	RNA_ARTEFACT
chr16	12666984	T	A	YES	RNA_ARTEFACT
chr16	12666468	G	A	YES	RNA_ARTEFACT
chr16	12666461	C	G	YES	RNA_ARTEFACT
chr16	12666389	G	T	YES	RNA_ARTEFACT
chr16	12666295	C	T	YES	RNA_ARTEFACT
chr16	12666279	G	A	YES	RNA_ARTEFACT
chr16	12666164	-	G	YES	RNA_ARTEFACT
chr16	12665244	G	T	YES	RNA_ARTEFACT
chr16	12665175	T	C	YES	RNA_ARTEFACT
chr16	12664929	A	C	YES	RNA_ARTEFACT
chr16	12664778	A	G	YES	RNA_ARTEFACT
chr16	12664640	-	AG	YES	RNA_ARTEFACT
chr16	12664246	A	G	YES	RNA_ARTEFACT
chr16	12664137	G	A	YES	RNA_ARTEFACT
chr16	12664063	G	A	YES	RNA_ARTEFACT
chr16	12663786	G	C	YES	RNA_ARTEFACT
chr16	12145952	G	A	YES	RNA_ARTEFACT
chr16	12145924	A	G	YES	RNA_ARTEFACT
chr16	12145894	T	A	YES	RNA_ARTEFACT
chr12	12047773	G	C	YES	RNA_ARTEFACT
chr12	12047618	T	C	YES	RNA_ARTEFACT
chr12	12047429	T	C	YES	RNA_ARTEFACT
chr12	12047416	A	G	YES	RNA_ARTEFACT
chr12	12046341	A	G	YES	RNA_ARTEFACT
chr12	12044195	T	C	YES	RNA_ARTEFACT
chr16	11445040	G	A	YES	RNA_ARTEFACT
chr1	11301714	A	G	YES	RNA_ARTEFACT
chr1	11288758	G	A	YES	RNA_ARTEFACT
chr1	11205058	C	T	YES	RNA_ARTEFACT
chr19	11170839	T	C	YES	RNA_ARTEFACT
chr19	11105608	T	C	YES	RNA_ARTEFACT
chr16	11018622	T	C	YES	RNA_ARTEFACT
chr16	11002927	A	G	YES	RNA_ARTEFACT
chr16	11002904	G	A	YES	RNA_ARTEFACT
chr16	10995933	A	G	YES	RNA_ARTEFACT
chr19	10939792	T	C	YES	RNA_ARTEFACT
chr19	10600442	G	C	YES	RNA_ARTEFACT
chr3	10195096	A	G	YES	RNA_ARTEFACT
chr3	10194624	G	C	YES	RNA_ARTEFACT
chr3	10194555	A	G	YES	RNA_ARTEFACT
chr3	10194436	A	G	YES	RNA_ARTEFACT
chr3	10194373	A	G	YES	RNA_ARTEFACT
chr3	10194316	A	G	YES	RNA_ARTEFACT
chr3	10194306	A	G	YES	RNA_ARTEFACT
chr3	10194277	A	G	YES	RNA_ARTEFACT
chr3	10194254	A	G	YES	RNA_ARTEFACT
chr3	10193978	A	G	YES	RNA_ARTEFACT
chr3	10193906	A	G	YES	RNA_ARTEFACT
chr3	10193873	A	G	YES	RNA_ARTEFACT
chr3	10193683	T	G	YES	RNA_ARTEFACT
chr3	10193509	A	G	YES	RNA_ARTEFACT
chr3	10192762	T	C	YES	RNA_ARTEFACT
chr3	10192709	C	T	YES	RNA_ARTEFACT
chr3	10192672	G	A	YES	RNA_ARTEFACT
chr3	10192608	A	G	YES	RNA_ARTEFACT
chr3	10191943	G	A	YES	RNA_ARTEFACT
chr3	10142949	C	T	YES	RNA_ARTEFACT
chr17	9820141	C	A	YES	RNA_ARTEFACT
chr17	9819126	T	C	YES	RNA_ARTEFACT
chr17	9818970	T	A	YES	RNA_ARTEFACT
chr17	9816671	A	G	YES	RNA_ARTEFACT
chr17	9816631	G	C	YES	RNA_ARTEFACT
chr17	9816452	G	A	YES	RNA_ARTEFACT
chr17	9816390	G	T	YES	RNA_ARTEFACT
chr17	9816226	A	G	YES	RNA_ARTEFACT
chr17	9815580	T	C	YES	RNA_ARTEFACT
chr17	9815411	A	G	YES	RNA_ARTEFACT
chr17	9815187	C	T	YES	RNA_ARTEFACT
chr17	9814423	T	C	YES	RNA_ARTEFACT
chr17	8048283	G	A	YES	RNA_ARTEFACT
chr17	8048169	T	C	YES	RNA_ARTEFACT
chr17	8046772	C	G	YES	RNA_ARTEFACT
chr1	7829226	A	G	YES	RNA_ARTEFACT
chr19	7807482	T	A	YES	RNA_ARTEFACT
chr19	7806723	G	A	YES	RNA_ARTEFACT
chr19	7805296	G	T	YES	RNA_ARTEFACT
chr19	7805128	G	A	YES	RNA_ARTEFACT
chr17	7579472	G	C	YES	RNA_ARTEFACT
chr12	7065635	T	C	YES	RNA_ARTEFACT
chr1	6948204	T	C	YES	RNA_ARTEFACT
chr12	6775967	A	G	YES	RNA_ARTEFACT
chr12	6711147	C	A	YES	RNA_ARTEFACT
chr7	6442156	C	A	YES	RNA_ARTEFACT
chr7	6442143	C	A	YES	RNA_ARTEFACT
chr7	6048663	C	G	YES	RNA_ARTEFACT
chr7	6048650	T	A	YES	RNA_ARTEFACT
chr7	6045597	T	G	YES	RNA_ARTEFACT
chr7	6045588	A	G	YES	RNA_ARTEFACT
chr7	6045569	T	C	YES	RNA_ARTEFACT
chr7	6043658	A	G	YES	RNA_ARTEFACT
chr7	6043644	T	C	YES	RNA_ARTEFACT
chr7	6043379	T	G	YES	RNA_ARTEFACT
chr7	6042267	G	A	YES	RNA_ARTEFACT
chr7	6036980	G	C	YES	RNA_ARTEFACT
chr7	6027158	T	C	YES	RNA_ARTEFACT
chr7	6027157	T	C	YES	RNA_ARTEFACT
chr7	6026959	G	C	YES	RNA_ARTEFACT
chr7	6026908	G	A	YES	RNA_ARTEFACT
chr7	6026775	T	C	YES	RNA_ARTEFACT
chr7	6026444	T	C	YES	RNA_ARTEFACT
chr7	6018249	A	G	YES	RNA_ARTEFACT
chr7	6017340	T	C	YES	RNA_ARTEFACT
chr7	6012937	-	T	YES	RNA_ARTEFACT
chr9	5557672	T	C	YES	RNA_ARTEFACT
chr17	5287946	C	G	YES	RNA_ARTEFACT
chr17	5286692	T	C	YES	RNA_ARTEFACT
chr17	5284770	G	A	YES	RNA_ARTEFACT
chr17	5284719	T	C	YES	RNA_ARTEFACT
chr17	5284698	A	G	YES	RNA_ARTEFACT
chr9	5081780	G	A	YES	RNA_ARTEFACT
chr17	5078202	C	A	YES	RNA_ARTEFACT
chr17	5078148	A	G	YES	RNA_ARTEFACT
chr17	5078097	T	G	YES	RNA_ARTEFACT
chr17	5078079	T	C	YES	RNA_ARTEFACT
chr17	5077832	G	A	YES	RNA_ARTEFACT
chr17	5077810	G	A	YES	RNA_ARTEFACT
chr17	5077679	A	G	YES	RNA_ARTEFACT
chr17	5077278	T	C	YES	RNA_ARTEFACT
chr17	5077198	A	G	YES	RNA_ARTEFACT
chr17	5077029	C	A	YES	RNA_ARTEFACT
chr17	5076996	G	T	YES	RNA_ARTEFACT
chr17	5076944	A	C	YES	RNA_ARTEFACT
chr17	5076866	C	T	YES	RNA_ARTEFACT
chr17	5076779	A	G	YES	RNA_ARTEFACT
chr17	5076777	A	G	YES	RNA_ARTEFACT
chr17	5076719	A	G	YES	RNA_ARTEFACT
chr17	5076597	C	T	YES	RNA_ARTEFACT
chr17	5076307	C	G	YES	RNA_ARTEFACT
chr17	5076224	C	T	YES	RNA_ARTEFACT
chr17	5076160	G	A	YES	RNA_ARTEFACT
chr17	5074915	A	G	YES	RNA_ARTEFACT
chr17	5074042	T	C	YES	RNA_ARTEFACT
chr17	5073909	C	T	YES	RNA_ARTEFACT
chr17	5073907	G	A	YES	RNA_ARTEFACT
chr17	5072301	A	G	YES	RNA_ARTEFACT
chr17	5072267	C	T	YES	RNA_ARTEFACT
chr17	5072194	A	C	YES	RNA_ARTEFACT
chr17	5072181	C	T	YES	RNA_ARTEFACT
chr17	5072132	T	C	YES	RNA_ARTEFACT
chr17	5072126	G	A	YES	RNA_ARTEFACT
chr17	5072085	A	G	YES	RNA_ARTEFACT
chr17	5072077	C	T	YES	RNA_ARTEFACT
chr12	4414126	G	A	YES	RNA_ARTEFACT
chr12	4411804	G	A	YES	RNA_ARTEFACT
chr19	4101062	G	T	YES	RNA_ARTEFACT
chr10	3821561	G	A	YES	RNA_ARTEFACT
chr10	3820787	T	C	YES	RNA_ARTEFACT
chr10	3819714	C	T	YES	RNA_ARTEFACT
chr16	3775717	C	T	YES	RNA_ARTEFACT
chr19	3123169	T	C	YES	RNA_ARTEFACT
chr19	3123113	C	T	YES	RNA_ARTEFACT
chr19	3122945	C	G	YES	RNA_ARTEFACT
chr19	3122941	T	C	YES	RNA_ARTEFACT
chr19	3121908	C	G	YES	RNA_ARTEFACT
chr19	3121609	T	C	YES	RNA_ARTEFACT
chr19	3119239	C	T	YES	RNA_ARTEFACT
chr1	2494785	G	A	YES	RNA_ARTEFACT
chr1	2488153	A	G	YES	RNA_ARTEFACT
chr1	2241377	-	TT	YES	RNA_ARTEFACT
chr1	2241376	-	TT	YES	RNA_ARTEFACT
chr1	2240006	T	C	YES	RNA_ARTEFACT
chr20	1919427	T	C	YES	RNA_ARTEFACT
chr20	1918487	G	T	YES	RNA_ARTEFACT
chr8	1906630	G	T	YES	RNA_ARTEFACT
chr8	1905728	G	A	YES	RNA_ARTEFACT
chr8	1905132	G	A	YES	RNA_ARTEFACT
chr12	1604651	G	A	YES	RNA_ARTEFACT
chr12	1604516	T	C	YES	RNA_ARTEFACT
chr12	1604490	A	C	YES	RNA_ARTEFACT
chr12	1602810	-	A	YES	RNA_ARTEFACT
chr12	1602602	A	G	YES	RNA_ARTEFACT
chr12	1601896	C	T	YES	RNA_ARTEFACT
chr12	1601722	C	G	YES	RNA_ARTEFACT
chr12	1601561	G	A	YES	RNA_ARTEFACT
chr12	1600761	-	G	YES	RNA_ARTEFACT
chr12	1600231	T	C	YES	RNA_ARTEFACT
chr10	858394	C	T	YES	RNA_ARTEFACT
chr10	856918	A	T	YES	RNA_ARTEFACT
chr10	856325	C	G	YES	RNA_ARTEFACT
chr19	683221	A	G	YES	RNA_ARTEFACT
chr19	682234	G	A	YES	RNA_ARTEFACT
chr19	682211	G	A	YES	RNA_ARTEFACT
chr11	534242	A	G	YES	RNA_ARTEFACT
chr16	396264	A	G	YES	RNA_ARTEFACT
chr16	337750	C	G	YES	RNA_ARTEFACT
chr5	231111	T	C	YES	RNA_ARTEFACT
